[
    {
        "img":"./public/images/porsche_911_carrera_t_2022_4k_8k_2-3840x2160.jpg",
        "name": "Porsche 911 Carrera T",
        "anul":"2024",
        "price": 110000
    },
    {
        "img":"./public/images/porsche_cayenne_turbo_gt_2022_4k_hd_cars-2560x1440.jpg",
        "name": "Porsche Cayenne Turbo GT",
        "anul":"2024",
        "price": 70000
    },
    {
        "img":"./public/images/2023_porsche_macan_4dr-suv_gts_fq_oem_1_1280.avif",
        "name": "Porsche Macan",
        "anul":"2024",
        "price": 55000
    },
    {
        "img":"./public/images/1217_roma_white_ex_u-crane_AKOS6533_edit_V02_sky.jpg",
        "name": "Porsche Panamera",
        "anul":"2024",
        "price": 90000
    }

]